,name,company,year,Price,kms_driven,fuel_type,image,Seating,logo
0,A3 Cabriolet,Audi,2015,3100000,12516,Petrol,Audi.png,5,Audi_logo.png
1,A4 1.8,Audi,2009,699000,47000,Petrol,Audi.png,5,Audi_logo.png
2,A4 2.0,Audi,2012,1350000,40000,Diesel,Audi.png,5,Audi_logo.png
3,A4 2.0,Audi,2016,1900000,44000,Diesel,Audi.png,5,Audi_logo.png
4,A4 2.0,Audi,2013,1510000,27000,Diesel,Audi.png,5,Audi_logo.png
5,A6 2.0,Audi,2012,1599000,11500,Diesel,Audi.png,5,Audi_logo.png
6,A8,Audi,2017,1000000,4000,Petrol,Audi.png,5,Audi_logo.png
7,Q3 2.0,Audi,2013,1499000,37000,Diesel,Audi.png,7,Audi_logo.png
8,Q5 2.0,Audi,2014,2390000,34000,Diesel,Audi.png,5,Audi_logo.png
9,Q7,Audi,2014,500000,16934,Diesel,Audi.png,7,Audi_logo.png
10,3 Series,BMW,2011,600000,60500,Petrol,BMW.png,5,BMW_logo.png
11,3 Series,BMW,2011,1075000,35000,Diesel,BMW.png,5,BMW_logo.png
12,5 Series,BMW,2011,1299000,49000,Diesel,BMW.png,5,BMW_logo.png
13,5 Series,BMW,2009,650000,37518,Petrol,BMW.png,5,BMW_logo.png
14,7 Series,BMW,2009,1600000,35000,Petrol,BMW.png,5,BMW_logo.png
15,X1,BMW,2011,1000000,34000,Diesel,BMW.png,5,BMW_logo.png
16,X1 sDrive20d,BMW,2012,1025000,41000,Diesel,BMW.png,5,BMW_logo.png
17,X1 xDrive20d,BMW,2011,1150000,72000,Diesel,BMW.png,5,BMW_logo.png
18,Beat,Chevrolet,2015,150000,30000,Petrol,Chevrolet.png,5,Chevrolet_logo.png
19,Beat Diesel,Chevrolet,2017,150000,62000,Diesel,Chevrolet.png,5,Chevrolet_logo.png
20,Beat Diesel,Chevrolet,2011,125000,56000,Diesel,Chevrolet.png,7,Chevrolet_logo.png
21,Beat Diesel,Chevrolet,2016,179999,19336,Diesel,Chevrolet.png,7,Chevrolet_logo.png
22,Beat LS,Chevrolet,2011,145000,45000,Diesel,Chevrolet.png,7,Chevrolet_logo.png
23,Beat LS,Chevrolet,2010,120000,43000,Petrol,Chevrolet.png,7,Chevrolet_logo.png
24,Beat LS,Chevrolet,2010,80000,56000,Petrol,Chevrolet.png,7,Chevrolet_logo.png
25,Beat LS,Chevrolet,2015,220000,32700,Petrol,Chevrolet.png,7,Chevrolet_logo.png
26,Beat LS,Chevrolet,2016,210000,22000,Diesel,Chevrolet.png,5,Chevrolet_logo.png
27,Beat LS,Chevrolet,2016,225000,95000,Diesel,Chevrolet.png,7,Chevrolet_logo.png
28,Beat LS,Chevrolet,2014,189000,31000,Diesel,Chevrolet.png,7,Chevrolet_logo.png
29,Beat LT,Chevrolet,2012,135000,45000,Diesel,Chevrolet.png,5,Chevrolet_logo.png
30,Beat LT,Chevrolet,2011,150000,40000,Diesel,Chevrolet.png,7,Chevrolet_logo.png
31,Beat LT,Chevrolet,2012,98500,38000,Diesel,Chevrolet.png,7,Chevrolet_logo.png
32,Beat LT,Chevrolet,2012,130000,90001,Diesel,Chevrolet.png,7,Chevrolet_logo.png
33,Beat LT,Chevrolet,2012,135000,36000,Petrol,Chevrolet.png,7,Chevrolet_logo.png
34,Beat LT,Chevrolet,2015,215000,90000,Diesel,Chevrolet.png,7,Chevrolet_logo.png
35,Beat PS,Chevrolet,2012,215000,65422,Diesel,Chevrolet.png,5,Chevrolet_logo.png
36,Cruze LTZ,Chevrolet,2014,400000,41000,Diesel,Chevrolet.png,5,Chevrolet_logo.png
37,Cruze LTZ,Chevrolet,2011,350000,35000,Diesel,Chevrolet.png,7,Chevrolet_logo.png
38,Enjoy,Chevrolet,2014,490000,30201,Diesel,Chevrolet.png,7,Chevrolet_logo.png
39,Enjoy 1.4,Chevrolet,2013,245000,55000,Diesel,Chevrolet.png,7,Chevrolet_logo.png
40,Sail 1.2,Chevrolet,2013,300000,28000,Petrol,Chevrolet.png,7,Chevrolet_logo.png
41,Sail UVA,Chevrolet,2013,210000,60000,Petrol,Chevrolet.png,7,Chevrolet_logo.png
42,Spark,Chevrolet,2012,158400,33600,Petrol,Chevrolet.png,4,Chevrolet_logo.png
43,Spark 1.0,Chevrolet,2011,100000,27000,Petrol,Chevrolet.png,4,Chevrolet_logo.png
44,Spark LS,Chevrolet,2010,110000,41000,Petrol,Chevrolet.png,4,Chevrolet_logo.png
45,Spark LS,Chevrolet,2010,95000,23000,Petrol,Chevrolet.png,4,Chevrolet_logo.png
46,Spark LT,Chevrolet,2010,85000,45000,Petrol,Chevrolet.png,4,Chevrolet_logo.png
47,Spark LT,Chevrolet,2009,110000,44000,Petrol,Chevrolet.png,4,Chevrolet_logo.png
48,Tavera LS,Chevrolet,2005,130000,68485,Diesel,Chevrolet.png,7,Chevrolet_logo.png
49,Tavera Neo,Chevrolet,2013,375000,55000,Diesel,Chevrolet.png,7,Chevrolet_logo.png
50,Tavera Neo,Chevrolet,2007,465000,100800,Diesel,Chevrolet.png,7,Chevrolet_logo.png
51,Go Plus,Datsun,2016,285000,13900,Petrol,Datsun.png,7,Datsun_logo.png
52,GO T,Datsun,2016,245000,7000,Petrol,Datsun.png,7,Datsun_logo.png
53,Redi GO,Datsun,2017,235000,16000,Petrol,Datsun.png,4,Datsun_logo.png
54,Redi GO,Datsun,2016,245000,7000,Petrol,Datsun.png,4,Datsun_logo.png
55,Redi GO,Datsun,2017,244999,22000,Petrol,Datsun.png,4,Datsun_logo.png
56,Redi GO,Datsun,2018,299999,7000,Petrol,Datsun.png,4,Datsun_logo.png
57,Linea Emotion,Fiat,2009,120000,64000,Petrol,Fiat.png,5,Fiat_logo.png
58,Petra ELX,Fiat,2008,75000,65000,Petrol,Fiat.png,5,Fiat_logo.png
59,Punto Emotion,Fiat,2012,169500,37200,Diesel,Fiat.png,5,Fiat_logo.png
60,Motors ,Force,2015,580000,3200,Diesel,Force.png,4,Force_logo.png
61,Motors One,Force,2013,550000,140000,Diesel,Force.png,4,Force_logo.png
62,EcoSport,Ford,2017,489999,39000,Petrol,Ford.png,5,Ford_logo.png
63,EcoSport Ambiente,Ford,2016,830000,24530,Diesel,Ford.png,5,Ford_logo.png
64,EcoSport Titanium,Ford,2014,575000,36000,Diesel,Ford.png,5,Ford_logo.png
65,EcoSport Titanium,Ford,2014,550000,44000,Diesel,Ford.png,5,Ford_logo.png
66,EcoSport Titanium,Ford,2016,599000,30000,Diesel,Ford.png,5,Ford_logo.png
67,EcoSport Titanium,Ford,2014,520000,57000,Diesel,Ford.png,5,Ford_logo.png
68,EcoSport Titanium,Ford,2014,500000,40000,Diesel,Ford.png,5,Ford_logo.png
69,EcoSport Titanium,Ford,2014,590000,34000,Diesel,Ford.png,5,Ford_logo.png
70,EcoSport Trend,Ford,2016,830000,24330,Diesel,Ford.png,5,Ford_logo.png
71,EcoSport Trend,Ford,2013,495000,38000,Diesel,Ford.png,5,Ford_logo.png
72,EcoSport Trend,Ford,2017,580000,10000,Petrol,Ford.png,5,Ford_logo.png
73,EcoSport Trend,Ford,2014,465000,47000,Petrol,Ford.png,5,Ford_logo.png
74,EcoSport Trend,Ford,2014,400000,16000,Petrol,Ford.png,5,Ford_logo.png
75,Endeavor 4x4,Ford,2019,2900000,9000,Diesel,Ford.png,7,Ford_logo.png
76,Fiesta,Ford,2011,274999,55000,Diesel,Ford.png,7,Ford_logo.png
77,Fiesta SXi,Ford,2009,250000,56400,Petrol,Ford.png,7,Ford_logo.png
78,Figo,Ford,2012,175000,41000,Diesel,Ford.png,7,Ford_logo.png
79,Figo Diesel,Ford,2012,210000,35000,Diesel,Ford.png,7,Ford_logo.png
80,Figo Diesel,Ford,2014,195000,50000,Diesel,Ford.png,7,Ford_logo.png
81,Figo Duratorq,Ford,2012,250000,99000,Diesel,Ford.png,7,Ford_logo.png
82,Figo Petrol,Ford,2011,175000,75000,Petrol,Ford.png,7,Ford_logo.png
83,Figo Petrol,Ford,2019,525000,0,Petrol,Ford.png,7,Ford_logo.png
84,Fusion 1.4,Ford,2007,125000,85455,Diesel,Ford.png,7,Ford_logo.png
85,Ikon 1.3,Ford,2001,45000,65000,Petrol,Ford.png,7,Ford_logo.png
86,Ikon 1.3,Ford,2008,95000,46000,Petrol,Ford.png,7,Ford_logo.png
87,Ikon 1.6,Ford,2003,60000,50000,Petrol,Ford.png,7,Ford_logo.png
88,Motors Ambassador,Hindustan,2000,70000,200000,Diesel,Hindustan.png,5,Hindustan_logo.png
89,Motors Ambassador,Hindustan,2002,90000,25000,Diesel,Hindustan.png,5,Hindustan_logo.png
90,Motors Ambassador,Hindustan,1995,750000,37000,Petrol,Hindustan.png,5,Hindustan_logo.png
91,Accord,Honda,2009,175000,58559,Petrol,Honda.png,5,Honda_logo.png
92,Amaze,Honda,2013,284999,46000,Diesel,Honda.png,5,Honda_logo.png
93,Amaze,Honda,2015,344999,22000,Petrol,Honda.png,5,Honda_logo.png
94,Amaze,Honda,2014,299999,37000,Petrol,Honda.png,5,Honda_logo.png
95,Amaze,Honda,2014,274999,35000,Petrol,Honda.png,5,Honda_logo.png
96,Amaze,Honda,2013,250000,55700,Diesel,Honda.png,5,Honda_logo.png
97,Amaze 1.2,Honda,2014,325000,42000,Petrol,Honda.png,5,Honda_logo.png
98,Amaze 1.2,Honda,2014,311000,33000,Petrol,Honda.png,5,Honda_logo.png
99,Amaze 1.2,Honda,2014,381000,6000,Petrol,Honda.png,5,Honda_logo.png
100,Amaze 1.5,Honda,2015,345000,36000,Diesel,Honda.png,5,Honda_logo.png
101,Amaze 1.5,Honda,2013,299000,45000,Diesel,Honda.png,5,Honda_logo.png
102,Amaze 1.5,Honda,2016,240000,160000,Diesel,Honda.png,5,Honda_logo.png
103,Brio,Honda,2012,224999,30000,Petrol,Honda.png,5,Honda_logo.png
104,Brio V,Honda,2012,235000,33000,Petrol,Honda.png,5,Honda_logo.png
105,Brio VX,Honda,2017,450000,11000,Petrol,Honda.png,5,Honda_logo.png
106,City,Honda,2015,499999,55000,Petrol,Honda.png,5,Honda_logo.png
107,City,Honda,2015,448999,54000,Petrol,Honda.png,5,Honda_logo.png
108,City,Honda,2015,599999,30000,Diesel,Honda.png,5,Honda_logo.png
109,City,Honda,2014,544999,45000,Diesel,Honda.png,5,Honda_logo.png
110,City,Honda,2012,399999,45000,Petrol,Honda.png,5,Honda_logo.png
111,City,Honda,2015,599999,39000,Diesel,Honda.png,5,Honda_logo.png
112,City,Honda,2011,284999,55000,Petrol,Honda.png,5,Honda_logo.png
113,City,Honda,2015,644999,39000,Petrol,Honda.png,5,Honda_logo.png
114,City,Honda,2014,584999,39000,Petrol,Honda.png,5,Honda_logo.png
115,City,Honda,2000,65000,80000,Petrol,Honda.png,5,Honda_logo.png
116,City,Honda,2017,750000,3000,Petrol,Honda.png,5,Honda_logo.png
117,City 1.5,Honda,2011,280000,33000,Petrol,Honda.png,5,Honda_logo.png
118,City 1.5,Honda,2005,90000,50000,Petrol,Honda.png,5,Honda_logo.png
119,City 1.5,Honda,2010,285000,35000,Petrol,Honda.png,5,Honda_logo.png
120,City 1.5,Honda,2014,549000,39000,Petrol,Honda.png,5,Honda_logo.png
121,City 1.5,Honda,2010,240000,400000,Petrol,Honda.png,5,Honda_logo.png
122,City 1.5,Honda,2010,225000,70000,Petrol,Honda.png,5,Honda_logo.png
123,City 1.5,Honda,2014,499000,22000,Petrol,Honda.png,5,Honda_logo.png
124,City 1.5,Honda,2009,269000,55000,Petrol,Honda.png,5,Honda_logo.png
125,City 1.5,Honda,2005,120000,68000,Petrol,Honda.png,5,Honda_logo.png
126,City 1.5,Honda,2005,95000,41000,Petrol,Honda.png,5,Honda_logo.png
127,City 1.5,Honda,2005,115000,68000,Petrol,Honda.png,5,Honda_logo.png
128,City 1.5,Honda,2009,270000,55000,Petrol,Honda.png,5,Honda_logo.png
129,City SV,Honda,2017,760000,4000,Petrol,Honda.png,5,Honda_logo.png
130,City SV,Honda,2014,475000,34000,Diesel,Honda.png,5,Honda_logo.png
131,City VX,Honda,2016,519000,52000,Diesel,Honda.png,5,Honda_logo.png
132,City VX,Honda,2016,860000,95000,Petrol,Honda.png,5,Honda_logo.png
133,City ZX,Honda,2017,170000,15000,Diesel,Honda.png,5,Honda_logo.png
134,City ZX,Honda,2008,110000,45000,Petrol,Honda.png,5,Honda_logo.png
135,City ZX,Honda,2008,149000,42000,Petrol,Honda.png,5,Honda_logo.png
136,City ZX,Honda,2006,180000,50000,Petrol,Honda.png,5,Honda_logo.png
137,Jazz S,Honda,2009,169999,24695,Petrol,Honda.png,5,Honda_logo.png
138,Jazz VX,Honda,2016,450000,41000,Petrol,Honda.png,5,Honda_logo.png
139,Mobilio,Honda,2014,399999,44000,Petrol,Honda.png,7,Honda_logo.png
140,Mobilio S,Honda,2014,399000,44000,Diesel,Honda.png,7,Honda_logo.png
141,WR V,Honda,2009,250000,60000,Petrol,Honda.png,5,Honda_logo.png
142,Accent,Hyundai,2010,99999,45000,Petrol,Hyundai.png,7,Hyundai_logo.png
143,Accent Executive,Hyundai,2009,165000,48000,Petrol,Hyundai.png,5,Hyundai_logo.png
144,Accent GLE,Hyundai,2006,90000,55000,Petrol,Hyundai.png,5,Hyundai_logo.png
145,Accent GLX,Hyundai,2006,80000,56000,Petrol,Hyundai.png,5,Hyundai_logo.png
146,Creta,Hyundai,2016,900000,60000,Diesel,Hyundai.png,7,Hyundai_logo.png
147,Creta 1.6,Hyundai,2017,895000,32000,Petrol,Hyundai.png,7,Hyundai_logo.png
148,Creta 1.6,Hyundai,2016,950000,25000,Petrol,Hyundai.png,7,Hyundai_logo.png
149,Creta 1.6,Hyundai,2016,1000000,8000,Petrol,Hyundai.png,5,Hyundai_logo.png
150,Creta 1.6,Hyundai,2019,1200000,0,Petrol,Hyundai.png,5,Hyundai_logo.png
151,Elantra 1.8,Hyundai,2012,500000,65000,Petrol,Hyundai.png,7,Hyundai_logo.png
152,Elantra SX,Hyundai,2013,600000,20000,Petrol,Hyundai.png,5,Hyundai_logo.png
153,Elite i20,Hyundai,2014,415000,32000,Petrol,Hyundai.png,7,Hyundai_logo.png
154,Elite i20,Hyundai,2014,415000,32000,Petrol,Hyundai.png,5,Hyundai_logo.png
155,Elite i20,Hyundai,2018,599999,21000,Petrol,Hyundai.png,5,Hyundai_logo.png
156,Elite i20,Hyundai,2016,549999,9000,Petrol,Hyundai.png,5,Hyundai_logo.png
157,Elite i20,Hyundai,2015,450000,20000,Diesel,Hyundai.png,7,Hyundai_logo.png
158,Elite i20,Hyundai,2018,600000,7800,Petrol,Hyundai.png,7,Hyundai_logo.png
159,Elite i20,Hyundai,2015,405000,28000,Petrol,Hyundai.png,7,Hyundai_logo.png
160,Elite i20,Hyundai,2015,400000,30000,Petrol,Hyundai.png,7,Hyundai_logo.png
161,Elite i20,Hyundai,2015,419000,20000,Petrol,Hyundai.png,7,Hyundai_logo.png
162,Elite i20,Hyundai,2017,550000,15000,Petrol,Hyundai.png,7,Hyundai_logo.png
163,Elite i20,Hyundai,2015,500000,22000,Petrol,Hyundai.png,7,Hyundai_logo.png
164,Elite i20,Hyundai,2015,470000,30000,Petrol,Hyundai.png,7,Hyundai_logo.png
165,Elite i20,Hyundai,2017,599999,31000,Petrol,Hyundai.png,7,Hyundai_logo.png
166,Elite i20,Hyundai,2011,290000,40000,Petrol,Hyundai.png,5,Hyundai_logo.png
167,Elite i20,Hyundai,2018,510000,2100,Petrol,Hyundai.png,5,Hyundai_logo.png
168,Eon,Hyundai,2013,190000,25000,Petrol,Hyundai.png,4,Hyundai_logo.png
169,Eon,Hyundai,2014,174999,14000,Petrol,Hyundai.png,4,Hyundai_logo.png
170,Eon,Hyundai,2014,200000,28000,Petrol,Hyundai.png,4,Hyundai_logo.png
171,Eon,Hyundai,2018,260000,25000,Petrol,Hyundai.png,4,Hyundai_logo.png
172,Eon D,Hyundai,2016,120000,87000,Petrol,Hyundai.png,4,Hyundai_logo.png
173,Eon D,Hyundai,2018,260000,25000,Petrol,Hyundai.png,4,Hyundai_logo.png
174,Eon D,Hyundai,2018,280000,35000,Petrol,Hyundai.png,4,Hyundai_logo.png
175,Eon D,Hyundai,2013,170000,20000,Petrol,Hyundai.png,4,Hyundai_logo.png
176,Eon Era,Hyundai,2013,185000,27000,Petrol,Hyundai.png,4,Hyundai_logo.png
177,Eon Era,Hyundai,2018,140000,2110,Petrol,Hyundai.png,4,Hyundai_logo.png
178,Eon Era,Hyundai,2013,190000,39700,Petrol,Hyundai.png,4,Hyundai_logo.png
179,Eon Era,Hyundai,2012,188000,38000,Petrol,Hyundai.png,4,Hyundai_logo.png
180,Eon Era,Hyundai,2014,200000,28400,Petrol,Hyundai.png,4,Hyundai_logo.png
181,Eon Magna,Hyundai,2014,190000,35000,Petrol,Hyundai.png,4,Hyundai_logo.png
182,Eon Magna,Hyundai,2013,185000,23000,Petrol,Hyundai.png,4,Hyundai_logo.png
183,Eon Magna,Hyundai,2017,300000,1600,Petrol,Hyundai.png,4,Hyundai_logo.png
184,Eon Sportz,Hyundai,2012,178000,30000,Petrol,Hyundai.png,4,Hyundai_logo.png
185,Fluidic Verna,Hyundai,2015,540000,38000,Diesel,Hyundai.png,7,Hyundai_logo.png
186,Fluidic Verna,Hyundai,2015,540000,38000,Diesel,Hyundai.png,5,Hyundai_logo.png
187,Fluidic Verna,Hyundai,2013,350000,117000,Diesel,Hyundai.png,5,Hyundai_logo.png
188,Getz,Hyundai,2006,125000,80000,Petrol,Hyundai.png,5,Hyundai_logo.png
189,Getz GLE,Hyundai,2007,99000,55000,Petrol,Hyundai.png,5,Hyundai_logo.png
190,Getz Prime,Hyundai,2009,110000,20000,Petrol,Hyundai.png,5,Hyundai_logo.png
191,Getz Prime,Hyundai,2009,115000,20000,Petrol,Hyundai.png,5,Hyundai_logo.png
192,Grand i10,Hyundai,2014,325000,28000,Petrol,Hyundai.png,5,Hyundai_logo.png
193,Grand i10,Hyundai,2014,345000,49000,Diesel,Hyundai.png,5,Hyundai_logo.png
194,Grand i10,Hyundai,2014,365000,20000,Petrol,Hyundai.png,7,Hyundai_logo.png
195,Grand i10,Hyundai,2014,410000,41000,Petrol,Hyundai.png,5,Hyundai_logo.png
196,Grand i10,Hyundai,2014,365000,20000,Petrol,Hyundai.png,5,Hyundai_logo.png
197,Grand i10,Hyundai,2017,524999,6821,Petrol,Hyundai.png,5,Hyundai_logo.png
198,Grand i10,Hyundai,2017,450000,15141,Petrol,Hyundai.png,7,Hyundai_logo.png
199,Grand i10,Hyundai,2016,280000,59910,Diesel,Hyundai.png,7,Hyundai_logo.png
200,Grand i10,Hyundai,2014,340000,35000,Petrol,Hyundai.png,7,Hyundai_logo.png
201,Grand i10,Hyundai,2017,400000,20000,Petrol,Hyundai.png,5,Hyundai_logo.png
202,Grand i10,Hyundai,2015,340000,53000,Petrol,Hyundai.png,5,Hyundai_logo.png
203,Grand i10,Hyundai,2014,340000,25000,Petrol,Hyundai.png,7,Hyundai_logo.png
204,Grand i10,Hyundai,2016,380000,27000,Petrol,Hyundai.png,7,Hyundai_logo.png
205,Grand i10,Hyundai,2017,424999,2550,Petrol,Hyundai.png,5,Hyundai_logo.png
206,Grand i10,Hyundai,2014,320000,41000,Petrol,Hyundai.png,7,Hyundai_logo.png
207,i10,Hyundai,2012,244999,38000,Petrol,Hyundai.png,7,Hyundai_logo.png
208,i10,Hyundai,2009,215000,27000,Petrol,Hyundai.png,5,Hyundai_logo.png
209,i10 Era,Hyundai,2011,175000,30000,Petrol,Hyundai.png,5,Hyundai_logo.png
210,i10 Magna,Hyundai,2014,265000,18000,Petrol,Hyundai.png,5,Hyundai_logo.png
211,i10 Magna,Hyundai,2011,175000,45000,Petrol,Hyundai.png,7,Hyundai_logo.png
212,i10 Magna,Hyundai,2008,275000,100200,Petrol,Hyundai.png,5,Hyundai_logo.png
213,i10 Magna,Hyundai,2009,170000,75000,Petrol,Hyundai.png,7,Hyundai_logo.png
214,i10 Magna,Hyundai,2009,400000,33000,Petrol,Hyundai.png,7,Hyundai_logo.png
215,i10 Sportz,Hyundai,2010,168000,45872,Petrol,Hyundai.png,5,Hyundai_logo.png
216,i10 Sportz,Hyundai,2012,230000,34000,Petrol,Hyundai.png,7,Hyundai_logo.png
217,i10 Sportz,Hyundai,2011,220000,38000,Petrol,Hyundai.png,5,Hyundai_logo.png
218,i20,Hyundai,2009,199000,31000,Petrol,Hyundai.png,7,Hyundai_logo.png
219,i20,Hyundai,2014,449999,23000,Petrol,Hyundai.png,5,Hyundai_logo.png
220,i20 Active,Hyundai,2015,500000,18000,Petrol,Hyundai.png,7,Hyundai_logo.png
221,i20 Active,Hyundai,2015,535000,37000,Diesel,Hyundai.png,7,Hyundai_logo.png
222,i20 Active,Hyundai,2015,500000,18000,Petrol,Hyundai.png,5,Hyundai_logo.png
223,i20 Active,Hyundai,2015,574999,35000,Diesel,Hyundai.png,7,Hyundai_logo.png
224,i20 Asta,Hyundai,2012,329500,36200,Diesel,Hyundai.png,5,Hyundai_logo.png
225,i20 Asta,Hyundai,2009,210000,65480,Petrol,Hyundai.png,5,Hyundai_logo.png
226,i20 Asta,Hyundai,2010,300000,10750,Petrol,Hyundai.png,5,Hyundai_logo.png
227,i20 Asta,Hyundai,2014,425000,31000,Petrol,Hyundai.png,7,Hyundai_logo.png
228,i20 Magna,Hyundai,2009,195000,32000,Petrol,Hyundai.png,5,Hyundai_logo.png
229,i20 Magna,Hyundai,2013,310000,35000,Petrol,Hyundai.png,7,Hyundai_logo.png
230,i20 Magna,Hyundai,2010,195000,36000,Petrol,Hyundai.png,7,Hyundai_logo.png
231,i20 Magna,Hyundai,2010,210000,50000,Petrol,Hyundai.png,7,Hyundai_logo.png
232,i20 Magna,Hyundai,2011,240000,42000,Petrol,Hyundai.png,5,Hyundai_logo.png
233,i20 Magna,Hyundai,2011,230000,47000,Petrol,Hyundai.png,7,Hyundai_logo.png
234,i20 Select,Hyundai,2011,290000,40000,Petrol,Hyundai.png,5,Hyundai_logo.png
235,i20 Sportz,Hyundai,2012,100000,55000,Petrol,Hyundai.png,7,Hyundai_logo.png
236,i20 Sportz,Hyundai,2011,350000,33333,Diesel,Hyundai.png,5,Hyundai_logo.png
237,i20 Sportz,Hyundai,2014,370000,60000,Diesel,Hyundai.png,5,Hyundai_logo.png
238,Santro,Hyundai,2000,51999,88000,Petrol,Hyundai.png,5,Hyundai_logo.png
239,Santro,Hyundai,2003,60000,51000,Petrol,Hyundai.png,5,Hyundai_logo.png
240,Santro,Hyundai,2002,60000,47000,Petrol,Hyundai.png,7,Hyundai_logo.png
241,Santro AE,Hyundai,2011,165000,45000,Petrol,Hyundai.png,5,Hyundai_logo.png
242,Santro AE,Hyundai,2003,60000,70000,Petrol,Hyundai.png,7,Hyundai_logo.png
243,Santro Xing,Hyundai,2007,80000,45000,Petrol,Hyundai.png,4,Hyundai_logo.png
244,Santro Xing,Hyundai,2007,80000,45000,Petrol,Hyundai.png,7,Hyundai_logo.png
245,Santro Xing,Hyundai,2005,49000,7500,Petrol,Hyundai.png,7,Hyundai_logo.png
246,Santro Xing,Hyundai,2000,59000,56450,Petrol,Hyundai.png,5,Hyundai_logo.png
247,Santro Xing,Hyundai,2006,75000,46000,Petrol,Hyundai.png,7,Hyundai_logo.png
248,Santro Xing,Hyundai,2003,120000,50000,Petrol,Hyundai.png,5,Hyundai_logo.png
249,Santro Xing,Hyundai,2014,179000,57000,Petrol,Hyundai.png,7,Hyundai_logo.png
250,Santro Xing,Hyundai,2007,115000,46000,Petrol,Hyundai.png,5,Hyundai_logo.png
251,Santro Xing,Hyundai,2009,88000,43200,Petrol,Hyundai.png,5,Hyundai_logo.png
252,Santro Xing,Hyundai,2007,135000,42000,Petrol,Hyundai.png,5,Hyundai_logo.png
253,Santro Xing,Hyundai,2007,135000,47000,Petrol,Hyundai.png,5,Hyundai_logo.png
254,Santro Xing,Hyundai,2007,135000,46000,Petrol,Hyundai.png,7,Hyundai_logo.png
255,Santro Xing,Hyundai,2007,55000,65000,Petrol,Hyundai.png,7,Hyundai_logo.png
256,Santro Xing,Hyundai,2006,85000,60000,Petrol,Hyundai.png,7,Hyundai_logo.png
257,Santro Xing,Hyundai,2004,45000,137495,Petrol,Hyundai.png,5,Hyundai_logo.png
258,Sonata Transform,Hyundai,2017,190000,36469,Diesel,Hyundai.png,7,Hyundai_logo.png
259,Verna,Hyundai,2014,489999,44000,Diesel,Hyundai.png,7,Hyundai_logo.png
260,Verna 1.4,Hyundai,2014,375000,36000,Petrol,Hyundai.png,7,Hyundai_logo.png
261,Verna 1.6,Hyundai,2017,800000,12000,Petrol,Hyundai.png,7,Hyundai_logo.png
262,Verna 1.6,Hyundai,2016,195000,56000,Diesel,Hyundai.png,5,Hyundai_logo.png
263,Verna 1.6,Hyundai,2019,900000,2000,Petrol,Hyundai.png,5,Hyundai_logo.png
264,Verna 1.6,Hyundai,2018,855000,42000,Diesel,Hyundai.png,7,Hyundai_logo.png
265,Verna 1.6,Hyundai,2012,600000,29000,Diesel,Hyundai.png,7,Hyundai_logo.png
266,Verna Fluidic,Hyundai,2015,525000,35000,Diesel,Hyundai.png,5,Hyundai_logo.png
267,Verna Fluidic,Hyundai,2012,444999,40000,Diesel,Hyundai.png,5,Hyundai_logo.png
268,Verna Fluidic,Hyundai,2013,401000,45000,Diesel,Hyundai.png,5,Hyundai_logo.png
269,Verna Fluidic,Hyundai,2012,350000,10000,Diesel,Hyundai.png,5,Hyundai_logo.png
270,Verna Fluidic,Hyundai,2015,430000,73000,Diesel,Hyundai.png,5,Hyundai_logo.png
271,Verna Fluidic,Hyundai,2011,365000,43000,Diesel,Hyundai.png,5,Hyundai_logo.png
272,Verna Transform,Hyundai,2008,160000,45000,Petrol,Hyundai.png,5,Hyundai_logo.png
273,Verna VGT,Hyundai,2010,205000,47900,Diesel,Hyundai.png,5,Hyundai_logo.png
274,Xcent Base,Hyundai,2016,300000,140000,Diesel,Hyundai.png,5,Hyundai_logo.png
275,Xcent SX,Hyundai,2015,400000,43000,Diesel,Hyundai.png,5,Hyundai_logo.png
276,XE XE,Jaguar,2016,2800000,8500,Petrol,Jaguar.png,5,Jaguar_logo.png
277,XF 2.2,Jaguar,2013,2190000,29000,Diesel,Jaguar.png,5,Jaguar_logo.png
278,Wrangler Unlimited,Jeep,2015,950000,3528,Diesel,Jeep.png,7,Jeep_logo.png
279,Bolero DI,Mahindra,2017,180000,23452,Diesel,Mahindra.png,7,Mahindra_logo.png
280,Bolero DI,Mahindra,2012,220000,59466,Diesel,Mahindra.png,7,Mahindra_logo.png
281,Bolero Power,Mahindra,2018,699000,1800,Diesel,Mahindra.png,7,Mahindra_logo.png
282,Bolero SLE,Mahindra,2013,330000,80200,Diesel,Mahindra.png,7,Mahindra_logo.png
283,Jeep CL550,Mahindra,2006,425000,40,Diesel,Mahindra.png,7,Mahindra_logo.png
284,Jeep CL550,Mahindra,2019,379000,0,Diesel,Mahindra.png,7,Mahindra_logo.png
285,Jeep CL550,Mahindra,2018,385000,588,Diesel,Mahindra.png,7,Mahindra_logo.png
286,Jeep MM,Mahindra,2019,390000,60,Diesel,Mahindra.png,6,Mahindra_logo.png
287,Jeep MM,Mahindra,2006,425000,122,Diesel,Mahindra.png,6,Mahindra_logo.png
288,Jeep MM,Mahindra,2004,424000,383,Diesel,Mahindra.png,6,Mahindra_logo.png
289,KUV100,Mahindra,2017,360000,35000,Diesel,Mahindra.png,6,Mahindra_logo.png
290,KUV101,Mahindra,2016,380000,26500,Petrol,Mahindra.png,6,Mahindra_logo.png
291,KUV100 K8,Mahindra,2016,400000,20000,Diesel,Mahindra.png,6,Mahindra_logo.png
292,KUV100 K9,Mahindra,2018,560000,8000,Diesel,Mahindra.png,6,Mahindra_logo.png
293,KUV100 K10,Mahindra,2019,560000,2875,Petrol,Mahindra.png,6,Mahindra_logo.png
294,Logan,Mahindra,2009,130000,65000,Diesel,Mahindra.png,6,Mahindra_logo.png
295,Logan Diesel,Mahindra,2009,130000,66000,Petrol,Mahindra.png,6,Mahindra_logo.png
296,Quanto C4,Mahindra,2013,325000,63000,Diesel,Mahindra.png,7,Mahindra_logo.png
297,Quanto C8,Mahindra,2013,375000,20000,Diesel,Mahindra.png,7,Mahindra_logo.png
298,Quanto C9,Mahindra,2013,340000,37000,Diesel,Mahindra.png,7,Mahindra_logo.png
299,Quanto C10,Mahindra,2013,375000,20000,Diesel,Mahindra.png,7,Mahindra_logo.png
300,Quanto C11,Mahindra,2013,340000,37000,Diesel,Mahindra.png,7,Mahindra_logo.png
301,Quanto C12,Mahindra,2013,375000,20000,Diesel,Mahindra.png,7,Mahindra_logo.png
302,Quanto C13,Mahindra,2013,390000,40000,Diesel,Mahindra.png,7,Mahindra_logo.png
303,Scorpio,Mahindra,2015,984999,22000,Diesel,Mahindra.png,7,Mahindra_logo.png
304,Scorpio,Mahindra,2015,944999,45000,Diesel,Mahindra.png,7,Mahindra_logo.png
305,Scorpio,Mahindra,2013,574999,68000,Diesel,Mahindra.png,7,Mahindra_logo.png
306,Scorpio,Mahindra,2011,475000,60123,Diesel,Mahindra.png,7,Mahindra_logo.png
307,Scorpio 2.6,Mahindra,2007,220000,170000,Diesel,Mahindra.png,7,Mahindra_logo.png
308,Scorpio 2.6,Mahindra,2007,260000,56000,Diesel,Mahindra.png,7,Mahindra_logo.png
309,Scorpio 2.6,Mahindra,2004,175000,58000,Diesel,Mahindra.png,7,Mahindra_logo.png
310,Scorpio LX,Mahindra,2009,320000,95500,Diesel,Mahindra.png,7,Mahindra_logo.png
311,Scorpio S10,Mahindra,2016,350000,43000,Diesel,Mahindra.png,7,Mahindra_logo.png
312,Scorpio S10,Mahindra,2016,310000,39522,Diesel,Mahindra.png,7,Mahindra_logo.png
313,Scorpio S10,Mahindra,2015,250000,48508,Diesel,Mahindra.png,7,Mahindra_logo.png
314,Scorpio S11,Mahindra,2015,250000,48508,Diesel,Mahindra.png,7,Mahindra_logo.png
315,Scorpio S12,Mahindra,2015,395000,35000,Diesel,Mahindra.png,7,Mahindra_logo.png
316,Scorpio S13,Mahindra,2015,900000,97200,Diesel,Mahindra.png,7,Mahindra_logo.png
317,Scorpio S14,Mahindra,2015,900000,97200,Diesel,Mahindra.png,7,Mahindra_logo.png
318,Scorpio S15,Mahindra,2015,900000,97200,Diesel,Mahindra.png,7,Mahindra_logo.png
319,Scorpio S16,Mahindra,2015,900000,97200,Diesel,Mahindra.png,7,Mahindra_logo.png
320,Scorpio S17,Mahindra,2015,900000,97200,Diesel,Mahindra.png,7,Mahindra_logo.png
321,Scorpio S4,Mahindra,2015,865000,30000,Diesel,Mahindra.png,7,Mahindra_logo.png
322,Scorpio S5,Mahindra,2015,855000,30000,Diesel,Mahindra.png,7,Mahindra_logo.png
323,Scorpio S6,Mahindra,2015,855000,30000,Diesel,Mahindra.png,7,Mahindra_logo.png
324,Scorpio S7,Mahindra,2015,865000,30000,Diesel,Mahindra.png,7,Mahindra_logo.png
325,Scorpio S8,Mahindra,2015,795000,63000,Diesel,Mahindra.png,7,Mahindra_logo.png
326,Scorpio SLE,Mahindra,2015,320000,48660,Diesel,Mahindra.png,7,Mahindra_logo.png
327,Scorpio SLE,Mahindra,2012,570000,19000,Diesel,Mahindra.png,7,Mahindra_logo.png
328,Scorpio SLE,Mahindra,2012,565000,62000,Diesel,Mahindra.png,7,Mahindra_logo.png
329,Scorpio SLX,Mahindra,2007,355000,75000,Diesel,Mahindra.png,7,Mahindra_logo.png
330,Scorpio SLX,Mahindra,2008,300000,70000,Diesel,Mahindra.png,7,Mahindra_logo.png
331,Scorpio SLX,Mahindra,2004,175000,60000,Diesel,Mahindra.png,7,Mahindra_logo.png
332,Scorpio SLX,Mahindra,2008,285000,80000,Diesel,Mahindra.png,7,Mahindra_logo.png
333,Scorpio VLX,Mahindra,2014,699000,50000,Diesel,Mahindra.png,7,Mahindra_logo.png
334,Scorpio VLX,Mahindra,2011,499999,66000,Diesel,Mahindra.png,7,Mahindra_logo.png
335,Scorpio VLX,Mahindra,2004,230000,160000,Diesel,Mahindra.png,7,Mahindra_logo.png
336,Scorpio VLX,Mahindra,2013,610000,35000,Diesel,Mahindra.png,7,Mahindra_logo.png
337,Scorpio VLX,Mahindra,2013,690000,75000,Diesel,Mahindra.png,7,Mahindra_logo.png
338,Scorpio VLX,Mahindra,2014,650000,77000,Diesel,Mahindra.png,7,Mahindra_logo.png
339,Scorpio W,Mahindra,2012,165000,65000,Diesel,Mahindra.png,7,Mahindra_logo.png
340,Thar CRDe,Mahindra,2016,730000,29000,Diesel,Mahindra.png,4,Mahindra_logo.png
341,TUV300 T4,Mahindra,2016,675000,9000,Diesel,Mahindra.png,7,Mahindra_logo.png
342,TUV300 T4,Mahindra,2017,610000,68000,Diesel,Mahindra.png,7,Mahindra_logo.png
343,TUV300 T4,Mahindra,2016,540000,35000,Diesel,Mahindra.png,7,Mahindra_logo.png
344,TUV300 T4,Mahindra,2016,540000,29500,Diesel,Mahindra.png,7,Mahindra_logo.png
345,TUV300 T8,Mahindra,2018,1000000,4500,Diesel,Mahindra.png,7,Mahindra_logo.png
346,XUV500,Mahindra,2014,699999,52000,Diesel,Mahindra.png,5,Mahindra_logo.png
347,XUV501,Mahindra,2014,649999,47000,Diesel,Mahindra.png,6,Mahindra_logo.png
348,XUV502,Mahindra,2013,689999,80000,Diesel,Mahindra.png,6,Mahindra_logo.png
349,XUV503,Mahindra,2015,1000000,15000,Diesel,Mahindra.png,6,Mahindra_logo.png
350,XUV504,Mahindra,2016,1130000,72000,Diesel,Mahindra.png,6,Mahindra_logo.png
351,XUV500 W10,Mahindra,2018,1299000,40000,Diesel,Mahindra.png,7,Mahindra_logo.png
352,XUV500 W11,Mahindra,2016,1065000,41000,Diesel,Mahindra.png,7,Mahindra_logo.png
353,XUV500 W6,Mahindra,2013,548900,49800,Diesel,Mahindra.png,7,Mahindra_logo.png
354,XUV500 W7,Mahindra,2013,549900,52800,Diesel,Mahindra.png,7,Mahindra_logo.png
355,XUV500 W8,Mahindra,2013,701000,38000,Diesel,Mahindra.png,7,Mahindra_logo.png
356,XUV500 W9,Mahindra,2012,560000,100000,Diesel,Mahindra.png,7,Mahindra_logo.png
357,XUV500 W10,Mahindra,2015,900000,28600,Diesel,Mahindra.png,7,Mahindra_logo.png
358,XUV500 W11,Mahindra,2015,899000,53000,Diesel,Mahindra.png,7,Mahindra_logo.png
359,Xylo D2,Mahindra,2011,390000,48000,Diesel,Mahindra.png,7,Mahindra_logo.png
360,Xylo D3,Mahindra,2011,390000,56000,Diesel,Mahindra.png,7,Mahindra_logo.png
361,Xylo D4,Mahindra,2009,300000,62000,Diesel,Mahindra.png,7,Mahindra_logo.png
362,Xylo E4,Mahindra,2012,400000,35000,Diesel,Mahindra.png,7,Mahindra_logo.png
363,Xylo E5,Mahindra,2012,400000,35000,Diesel,Mahindra.png,7,Mahindra_logo.png
364,Xylo E8,Mahindra,2009,295000,64000,Diesel,Mahindra.png,7,Mahindra_logo.png
365,Xylo E9,Mahindra,2011,365000,43000,Diesel,Mahindra.png,7,Mahindra_logo.png
366,Xylo E10,Mahindra,2010,375000,40000,Diesel,Mahindra.png,7,Mahindra_logo.png
367,800,Maruti Suzuki,2001,55000,81876,Petrol,Maruti.png,4,Maruti_logo.png
368,800,Maruti Suzuki,2000,30000,33400,Petrol,Maruti.png,4,Maruti_logo.png
369,A,Maruti Suzuki,2011,189500,12500,Petrol,Maruti.png,4,Maruti_logo.png
370,Alto,Maruti Suzuki,2015,250000,60000,Petrol,Maruti.png,4,Maruti_logo.png
371,Alto,Maruti Suzuki,2014,160000,35550,Petrol,Maruti.png,4,Maruti_logo.png
372,Alto,Maruti Suzuki,2015,75000,39000,Petrol,Maruti.png,4,Maruti_logo.png
373,Alto,Maruti Suzuki,2017,190000,72000,Petrol,Maruti.png,4,Maruti_logo.png
374,Alto,Maruti Suzuki,2008,95000,70000,Petrol,Maruti.png,4,Maruti_logo.png
375,Alto,Maruti Suzuki,2012,155000,14000,Petrol,Maruti.png,4,Maruti_logo.png
376,Alto,Maruti Suzuki,2017,350000,5600,Petrol,Maruti.png,4,Maruti_logo.png
377,Alto,Maruti Suzuki,2018,200000,7500,Petrol,Maruti.png,4,Maruti_logo.png
378,Alto,Maruti Suzuki,2015,220000,38000,Petrol,Maruti.png,4,Maruti_logo.png
379,Alto,Maruti Suzuki,2018,310000,3000,Petrol,Maruti.png,4,Maruti_logo.png
380,Alto,Maruti Suzuki,2011,145000,41000,Petrol,Maruti.png,4,Maruti_logo.png
381,Alto,Maruti Suzuki,2013,125000,39000,Petrol,Maruti.png,4,Maruti_logo.png
382,Alto,Maruti Suzuki,2010,135000,34580,Petrol,Maruti.png,4,Maruti_logo.png
383,Alto,Maruti Suzuki,2015,219000,5000,Petrol,Maruti.png,4,Maruti_logo.png
384,Alto,Maruti Suzuki,2015,265000,12000,Petrol,Maruti.png,4,Maruti_logo.png
385,Alto,Maruti Suzuki,2017,240000,60000,Petrol,Maruti.png,4,Maruti_logo.png
386,Alto,Maruti Suzuki,2011,155000,32000,Petrol,Maruti.png,4,Maruti_logo.png
387,Alto,Maruti Suzuki,2014,270000,22000,Petrol,Maruti.png,4,Maruti_logo.png
388,Alto,Maruti Suzuki,2015,230000,5000,Petrol,Maruti.png,4,Maruti_logo.png
389,Alto,Maruti Suzuki,2010,99000,22134,Petrol,Maruti.png,4,Maruti_logo.png
390,Alto,Maruti Suzuki,2015,90000,55800,Petrol,Maruti.png,4,Maruti_logo.png
391,Alto,Maruti Suzuki,2010,110000,55000,Petrol,Maruti.png,4,Maruti_logo.png
392,Alto,Maruti Suzuki,2014,199000,37000,Petrol,Maruti.png,4,Maruti_logo.png
393,Alto,Maruti Suzuki,2019,265000,9800,Petrol,Maruti.png,4,Maruti_logo.png
394,Alto,Maruti Suzuki,2017,280000,6200,Petrol,Maruti.png,4,Maruti_logo.png
395,Alto,Maruti Suzuki,2009,90000,62000,Petrol,Maruti.png,4,Maruti_logo.png
396,Alto,Maruti Suzuki,2017,360000,9400,Petrol,Maruti.png,4,Maruti_logo.png
397,Alto,Maruti Suzuki,2017,270000,21000,Petrol,Maruti.png,4,Maruti_logo.png
398,Alto,Maruti Suzuki,2016,270000,38000,Petrol,Maruti.png,4,Maruti_logo.png
399,Alto,Maruti Suzuki,2013,240000,20000,Petrol,Maruti.png,4,Maruti_logo.png
400,Alto,Maruti Suzuki,2015,215000,50000,Petrol,Maruti.png,4,Maruti_logo.png
401,Alto,Maruti Suzuki,2015,265000,14000,Petrol,Maruti.png,4,Maruti_logo.png
402,Alto,Maruti Suzuki,2003,42000,60000,Petrol,Maruti.png,4,Maruti_logo.png
403,Alto,Maruti Suzuki,2005,70000,47000,Petrol,Maruti.png,4,Maruti_logo.png
404,Alto,Maruti Suzuki,2005,100000,40000,Petrol,Maruti.png,4,Maruti_logo.png
405,Alto,Maruti Suzuki,2017,225000,12500,Petrol,Maruti.png,4,Maruti_logo.png
406,Alto,Maruti Suzuki,2019,400000,1500,Petrol,Maruti.png,4,Maruti_logo.png
407,Alto,Maruti Suzuki,2016,250000,2450,Petrol,Maruti.png,4,Maruti_logo.png
408,Alto,Maruti Suzuki,2019,425000,1625,Petrol,Maruti.png,4,Maruti_logo.png
409,Alto,Maruti Suzuki,2005,95000,65000,Petrol,Maruti.png,4,Maruti_logo.png
410,Baleno,Maruti Suzuki,2017,549000,32000,Diesel,Maruti.png,4,Maruti_logo.png
411,Baleno,Maruti Suzuki,2016,500000,28000,Petrol,Maruti.png,4,Maruti_logo.png
412,Baleno,Maruti Suzuki,2016,498000,22000,Petrol,Maruti.png,4,Maruti_logo.png
413,Baleno,Maruti Suzuki,2016,425000,40000,Petrol,Maruti.png,4,Maruti_logo.png
414,Baleno,Maruti Suzuki,2018,690000,1000,Petrol,Maruti.png,4,Maruti_logo.png
415,Celerio,Maruti Suzuki,2018,310000,37000,Petrol,Maruti.png,4,Maruti_logo.png
416,Ciaz,Maruti Suzuki,2016,700000,3350,Petrol,Maruti.png,4,Maruti_logo.png
417,Ciaz,Maruti Suzuki,2017,699000,14000,Petrol,Maruti.png,4,Maruti_logo.png
418,Ciaz,Maruti Suzuki,2016,650000,50000,Petrol,Maruti.png,4,Maruti_logo.png
419,Dzire,Maruti Suzuki,2013,349999,46000,Diesel,Maruti.png,4,Maruti_logo.png
420,Dzire,Maruti Suzuki,2009,220000,46000,Petrol,Maruti.png,4,Maruti_logo.png
421,Dzire,Maruti Suzuki,2015,450000,104000,Diesel,Maruti.png,4,Maruti_logo.png
422,Dzire,Maruti Suzuki,2013,380000,30000,Petrol,Maruti.png,4,Maruti_logo.png
423,Dzire,Maruti Suzuki,2012,299999,40000,Petrol,Maruti.png,4,Maruti_logo.png
424,Dzire,Maruti Suzuki,2014,424999,55000,Diesel,Maruti.png,4,Maruti_logo.png
425,Dzire,Maruti Suzuki,2015,444999,45000,Diesel,Maruti.png,4,Maruti_logo.png
426,Dzire,Maruti Suzuki,2017,488000,80000,Diesel,Maruti.png,4,Maruti_logo.png
427,Dzire,Maruti Suzuki,2013,380000,35000,Petrol,Maruti.png,4,Maruti_logo.png
428,Dzire,Maruti Suzuki,2014,374999,33000,Petrol,Maruti.png,4,Maruti_logo.png
429,Dzire,Maruti Suzuki,2009,210000,42000,Petrol,Maruti.png,4,Maruti_logo.png
430,Dzire,Maruti Suzuki,2016,325000,150000,Diesel,Maruti.png,4,Maruti_logo.png
431,Dzire,Maruti Suzuki,2016,450000,2500,Diesel,Maruti.png,4,Maruti_logo.png
432,Eeco,Maruti Suzuki,2015,251111,55000,Petrol,Maruti.png,4,Maruti_logo.png
433,Eeco,Maruti Suzuki,2015,255000,9300,Petrol,Maruti.png,4,Maruti_logo.png
434,Eeco,Maruti Suzuki,2013,290000,70000,LPG,Maruti.png,4,Maruti_logo.png
435,Eeco,Maruti Suzuki,2015,278000,39000,Petrol,Maruti.png,4,Maruti_logo.png
436,Ertiga,Maruti Suzuki,2016,635000,29000,Petrol,Maruti.png,4,Maruti_logo.png
437,Ertiga,Maruti Suzuki,2016,575000,29000,Petrol,Maruti.png,4,Maruti_logo.png
438,Ertiga,Maruti Suzuki,2013,485000,42000,Diesel,Maruti.png,4,Maruti_logo.png
439,Ertiga,Maruti Suzuki,2014,569999,45000,Petrol,Maruti.png,4,Maruti_logo.png
440,Ertiga,Maruti Suzuki,2015,524999,50000,Diesel,Maruti.png,4,Maruti_logo.png
441,Ertiga,Maruti Suzuki,2018,799999,9000,Diesel,Maruti.png,4,Maruti_logo.png
442,Ertiga,Maruti Suzuki,2013,450000,90000,Diesel,Maruti.png,4,Maruti_logo.png
443,Ertiga,Maruti Suzuki,2015,550000,75000,Petrol,Maruti.png,4,Maruti_logo.png
444,Ertiga,Maruti Suzuki,2016,730000,55000,Diesel,Maruti.png,4,Maruti_logo.png
445,Ertiga,Maruti Suzuki,2012,480000,51000,Diesel,Maruti.png,4,Maruti_logo.png
446,Ertiga,Maruti Suzuki,2013,485000,52500,Diesel,Maruti.png,4,Maruti_logo.png
447,Ertiga,Maruti Suzuki,2012,389700,39000,Diesel,Maruti.png,4,Maruti_logo.png
448,Ertiga,Maruti Suzuki,2013,475000,48000,Diesel,Maruti.png,4,Maruti_logo.png
449,Ertiga,Maruti Suzuki,2012,1000000,200000,Diesel,Maruti.png,4,Maruti_logo.png
450,Ertiga,Maruti Suzuki,2012,500000,48000,Diesel,Maruti.png,4,Maruti_logo.png
451,Esteem,Maruti Suzuki,2007,69999,51000,Petrol,Maruti.png,4,Maruti_logo.png
452,Esteem,Maruti Suzuki,2006,95000,45000,Petrol,Maruti.png,4,Maruti_logo.png
453,Estilo,Maruti Suzuki,2013,180000,65000,Petrol,Maruti.png,4,Maruti_logo.png
454,Estilo,Maruti Suzuki,2007,115000,36000,Petrol,Maruti.png,4,Maruti_logo.png
455,Maruti,Maruti Suzuki,2003,57000,56758,Petrol,Maruti.png,4,Maruti_logo.png
456,Maruti,Maruti Suzuki,1995,30000,55000,Petrol,Maruti.png,4,Maruti_logo.png
457,Maruti,Maruti Suzuki,2001,40000,75000,Petrol,Maruti.png,4,Maruti_logo.png
458,Omni,Maruti Suzuki,2001,70000,70000,Petrol,Maruti.png,4,Maruti_logo.png
459,Omni,Maruti Suzuki,2014,190000,6020,Petrol,Maruti.png,4,Maruti_logo.png
460,Omni,Maruti Suzuki,2012,160000,14000,Petrol,Maruti.png,4,Maruti_logo.png
461,Omni,Maruti Suzuki,2012,120000,160000,LPG,Maruti.png,4,Maruti_logo.png
462,Omni,Maruti Suzuki,2009,85000,45000,Petrol,Maruti.png,4,Maruti_logo.png
463,Omni,Maruti Suzuki,2009,85000,56000,Petrol,Maruti.png,4,Maruti_logo.png
464,Omni,Maruti Suzuki,2013,165000,25000,Petrol,Maruti.png,4,Maruti_logo.png
465,Omni,Maruti Suzuki,2017,240000,8000,Petrol,Maruti.png,4,Maruti_logo.png
466,Omni,Maruti Suzuki,2000,35999,60000,Petrol,Maruti.png,4,Maruti_logo.png
467,Ritz,Maruti Suzuki,2014,299999,19000,Petrol,Maruti.png,4,Maruti_logo.png
468,Ritz,Maruti Suzuki,2013,399999,33000,Diesel,Maruti.png,4,Maruti_logo.png
469,Ritz,Maruti Suzuki,2010,149000,40000,Petrol,Maruti.png,4,Maruti_logo.png
470,Ritz,Maruti Suzuki,2010,180000,72160,Diesel,Maruti.png,4,Maruti_logo.png
471,Ritz,Maruti Suzuki,2010,150000,38000,Diesel,Maruti.png,4,Maruti_logo.png
472,Ritz,Maruti Suzuki,2011,270000,50000,Petrol,Maruti.png,4,Maruti_logo.png
473,S,Maruti Suzuki,2016,615000,21000,Diesel,Maruti.png,4,Maruti_logo.png
474,Stingray,Maruti Suzuki,2015,315000,30000,Petrol,Maruti.png,4,Maruti_logo.png
475,Swift,Maruti Suzuki,2014,385000,35522,Diesel,Maruti.png,4,Maruti_logo.png
476,Swift,Maruti Suzuki,2017,180000,15487,Petrol,Maruti.png,4,Maruti_logo.png
477,Swift,Maruti Suzuki,2017,220000,30874,Petrol,Maruti.png,4,Maruti_logo.png
478,Swift,Maruti Suzuki,2014,390000,35000,Petrol,Maruti.png,4,Maruti_logo.png
479,Swift,Maruti Suzuki,2013,372000,13349,Petrol,Maruti.png,4,Maruti_logo.png
480,Swift,Maruti Suzuki,2007,125000,70000,Petrol,Maruti.png,4,Maruti_logo.png
481,Swift,Maruti Suzuki,2013,340000,41000,Petrol,Maruti.png,4,Maruti_logo.png
482,Swift,Maruti Suzuki,2010,189500,38500,Diesel,Maruti.png,4,Maruti_logo.png
483,Swift,Maruti Suzuki,2010,159500,43200,Diesel,Maruti.png,4,Maruti_logo.png
484,Swift,Maruti Suzuki,2011,209000,47000,Diesel,Maruti.png,4,Maruti_logo.png
485,Swift,Maruti Suzuki,2006,135000,45000,Petrol,Maruti.png,4,Maruti_logo.png
486,Swift,Maruti Suzuki,2011,225000,45000,Petrol,Maruti.png,4,Maruti_logo.png
487,Swift,Maruti Suzuki,2019,610000,73,Petrol,Maruti.png,4,Maruti_logo.png
488,Swift,Maruti Suzuki,2013,324999,45000,Diesel,Maruti.png,4,Maruti_logo.png
489,Swift,Maruti Suzuki,2016,350000,166000,Diesel,Maruti.png,4,Maruti_logo.png
490,Swift,Maruti Suzuki,2014,335000,55000,Diesel,Maruti.png,4,Maruti_logo.png
491,Swift,Maruti Suzuki,2012,225000,40000,Petrol,Maruti.png,4,Maruti_logo.png
492,Swift,Maruti Suzuki,2015,220000,129000,Diesel,Maruti.png,4,Maruti_logo.png
493,Swift,Maruti Suzuki,2011,230000,65,Petrol,Maruti.png,4,Maruti_logo.png
494,Swift,Maruti Suzuki,2007,130000,62000,Petrol,Maruti.png,4,Maruti_logo.png
495,Swift,Maruti Suzuki,2015,250000,55000,Petrol,Maruti.png,4,Maruti_logo.png
496,Swift,Maruti Suzuki,2009,150000,45000,Petrol,Maruti.png,4,Maruti_logo.png
497,Swift,Maruti Suzuki,2011,140000,65000,Diesel,Maruti.png,4,Maruti_logo.png
498,Swift,Maruti Suzuki,2006,189700,48247,Petrol,Maruti.png,4,Maruti_logo.png
499,Swift,Maruti Suzuki,2014,365000,23000,Petrol,Maruti.png,4,Maruti_logo.png
500,Swift,Maruti Suzuki,2014,315000,44000,Petrol,Maruti.png,4,Maruti_logo.png
501,Swift,Maruti Suzuki,2011,255000,64000,Petrol,Maruti.png,4,Maruti_logo.png
502,Swift,Maruti Suzuki,2012,280000,48006,Diesel,Maruti.png,4,Maruti_logo.png
503,Swift,Maruti Suzuki,2010,190000,74000,Diesel,Maruti.png,4,Maruti_logo.png
504,Swift,Maruti Suzuki,2010,270000,67000,Diesel,Maruti.png,4,Maruti_logo.png
505,Swift,Maruti Suzuki,2015,475000,22000,Petrol,Maruti.png,4,Maruti_logo.png
506,Swift,Maruti Suzuki,2017,650000,41800,Diesel,Maruti.png,4,Maruti_logo.png
507,Swift,Maruti Suzuki,2009,210000,59000,Petrol,Maruti.png,4,Maruti_logo.png
508,Swift,Maruti Suzuki,2016,499000,51000,Diesel,Maruti.png,4,Maruti_logo.png
509,Swift,Maruti Suzuki,2014,370000,11523,Petrol,Maruti.png,4,Maruti_logo.png
510,Swift,Maruti Suzuki,2009,250000,51000,Diesel,Maruti.png,4,Maruti_logo.png
511,Swift,Maruti Suzuki,2015,475000,43000,Diesel,Maruti.png,4,Maruti_logo.png
512,Swift,Maruti Suzuki,2014,260000,120000,Diesel,Maruti.png,4,Maruti_logo.png
513,Swift,Maruti Suzuki,2015,425000,42000,Diesel,Maruti.png,4,Maruti_logo.png
514,Swift,Maruti Suzuki,2011,250000,58000,Diesel,Maruti.png,4,Maruti_logo.png
515,Swift,Maruti Suzuki,2009,120000,90000,Diesel,Maruti.png,4,Maruti_logo.png
516,Swift,Maruti Suzuki,2008,162000,60000,Diesel,Maruti.png,4,Maruti_logo.png
517,Swift,Maruti Suzuki,2008,175000,58000,Diesel,Maruti.png,4,Maruti_logo.png
518,Swift,Maruti Suzuki,2016,350000,146000,Diesel,Maruti.png,4,Maruti_logo.png
519,SX4,Maruti Suzuki,2010,249999,36000,Petrol,Maruti.png,4,Maruti_logo.png
520,SX5,Maruti Suzuki,2012,265000,46000,Diesel,Maruti.png,4,Maruti_logo.png
521,SX6,Maruti Suzuki,2010,249999,36000,Petrol,Maruti.png,4,Maruti_logo.png
522,SX7,Maruti Suzuki,2012,265000,46000,Diesel,Maruti.png,4,Maruti_logo.png
523,SX8,Maruti Suzuki,2016,970000,85960,Diesel,Maruti.png,4,Maruti_logo.png
524,Versa,Maruti Suzuki,2004,80000,50000,Petrol,Maruti.png,4,Maruti_logo.png
525,Versa,Maruti Suzuki,2004,90000,50000,Petrol,Maruti.png,4,Maruti_logo.png
526,Vitara,Maruti Suzuki,2016,290000,15975,Diesel,Maruti.png,4,Maruti_logo.png
527,Vitara,Maruti Suzuki,2016,689999,29000,Diesel,Maruti.png,4,Maruti_logo.png
528,Vitara,Maruti Suzuki,2017,725000,36000,Diesel,Maruti.png,4,Maruti_logo.png
529,Vitara,Maruti Suzuki,2016,580000,25000,Diesel,Maruti.png,4,Maruti_logo.png
530,Wagon,Maruti Suzuki,2013,105000,39000,Petrol,Maruti.png,4,Maruti_logo.png
531,Wagon,Maruti Suzuki,2013,85000,29685,Petrol,Maruti.png,4,Maruti_logo.png
532,Wagon,Maruti Suzuki,2012,199999,44000,Petrol,Maruti.png,4,Maruti_logo.png
533,Wagon,Maruti Suzuki,2011,210000,35000,Petrol,Maruti.png,4,Maruti_logo.png
534,Wagon,Maruti Suzuki,2009,135000,45000,Petrol,Maruti.png,4,Maruti_logo.png
535,Wagon,Maruti Suzuki,2010,145000,54870,Petrol,Maruti.png,4,Maruti_logo.png
536,Wagon,Maruti Suzuki,2006,80000,71200,Petrol,Maruti.png,4,Maruti_logo.png
537,Wagon,Maruti Suzuki,2003,90000,45000,Petrol,Maruti.png,4,Maruti_logo.png
538,Wagon,Maruti Suzuki,2015,289999,22000,Petrol,Maruti.png,4,Maruti_logo.png
539,Wagon,Maruti Suzuki,2016,344999,15000,Petrol,Maruti.png,4,Maruti_logo.png
540,Wagon,Maruti Suzuki,2018,395000,25500,Petrol,Maruti.png,4,Maruti_logo.png
541,Wagon,Maruti Suzuki,2014,250000,18500,Petrol,Maruti.png,4,Maruti_logo.png
542,Wagon,Maruti Suzuki,2007,120000,7000,Petrol,Maruti.png,4,Maruti_logo.png
543,Wagon,Maruti Suzuki,2016,225000,35500,Diesel,Maruti.png,4,Maruti_logo.png
544,Wagon,Maruti Suzuki,2017,375000,23000,Petrol,Maruti.png,4,Maruti_logo.png
545,Wagon,Maruti Suzuki,2006,90001,48000,Petrol,Maruti.png,4,Maruti_logo.png
546,Wagon,Maruti Suzuki,2003,130000,133000,Petrol,Maruti.png,4,Maruti_logo.png
547,Wagon,Maruti Suzuki,2009,159000,27000,Petrol,Maruti.png,4,Maruti_logo.png
548,Wagon,Maruti Suzuki,2009,160000,35000,Petrol,Maruti.png,4,Maruti_logo.png
549,Wagon,Maruti Suzuki,2010,225000,40000,Petrol,Maruti.png,4,Maruti_logo.png
550,Wagon,Maruti Suzuki,2008,140000,68000,Petrol,Maruti.png,4,Maruti_logo.png
551,Wagon,Maruti Suzuki,2014,130000,37458,Petrol,Maruti.png,4,Maruti_logo.png
552,Wagon,Maruti Suzuki,2004,53000,69000,Petrol,Maruti.png,4,Maruti_logo.png
553,Wagon,Maruti Suzuki,2016,395000,20000,Petrol,Maruti.png,4,Maruti_logo.png
554,Wagon,Maruti Suzuki,2006,100000,7000,Petrol,Maruti.png,4,Maruti_logo.png
555,Zen,Maruti Suzuki,2000,55000,60000,Petrol,Maruti.png,4,Maruti_logo.png
556,Zen,Maruti Suzuki,2003,85000,69900,Petrol,Maruti.png,4,Maruti_logo.png
557,Zen,Maruti Suzuki,2001,40000,40000,Petrol,Maruti.png,4,Maruti_logo.png
558,Zen,Maruti Suzuki,2010,149000,35000,Petrol,Maruti.png,4,Maruti_logo.png
559,Zen,Maruti Suzuki,2003,99999,53000,Petrol,Maruti.png,4,Maruti_logo.png
560,Zen,Maruti Suzuki,2008,135000,23000,Petrol,Maruti.png,4,Maruti_logo.png
561,Zen,Maruti Suzuki,2002,95000,10544,Petrol,Maruti.png,4,Maruti_logo.png
562,Zen,Maruti Suzuki,2003,48000,60000,Petrol,Maruti.png,4,Maruti_logo.png
563,Zen,Maruti Suzuki,2008,125000,46000,Petrol,Maruti.png,4,Maruti_logo.png
564,Zen,Maruti Suzuki,2004,70000,100000,Petrol,Maruti.png,4,Maruti_logo.png
565,Zen,Maruti Suzuki,2004,68000,56000,Petrol,Maruti.png,4,Maruti_logo.png
566,Zen,Maruti Suzuki,2009,125000,0,Petrol,Maruti.png,4,Maruti_logo.png
567,Zen,Maruti Suzuki,2006,71000,32000,Petrol,Maruti.png,4,Maruti_logo.png
568,Benz A,Mercedes,2013,1500000,14000,Petrol,Mercedes.png,5,Mercedes_logo.png
569,Benz B,Mercedes,2014,1400000,31000,Petrol,Mercedes.png,5,Mercedes_logo.png
570,Benz C,Mercedes,2002,399000,41000,Petrol,Mercedes.png,5,Mercedes_logo.png
571,Benz C,Mercedes,2009,1225000,76000,Diesel,Mercedes.png,5,Mercedes_logo.png
572,Benz C,Mercedes,2006,500001,15000,Petrol,Mercedes.png,5,Mercedes_logo.png
573,Benz GLA,Mercedes,2015,2000000,20000,Diesel,Mercedes.png,5,Mercedes_logo.png
574,Cooper S,Mini,2013,1891111,13000,Petrol,Mini.png,4,Mini_logo.png
575,Cooper S,Mini,2013,1891111,13500,Petrol,Mini.png,4,Mini_logo.png
576,Lancer 1.8,Mitsubishi,2006,85000,50000,Petrol,Mitsubishi.png,4,Mitsubishi_logo.png
577,Pajero Sport,Mitsubishi,2015,1475000,47000,Diesel,Mitsubishi.png,4,Mitsubishi_logo.png
578,Pajero Sport,Mitsubishi,2015,1540000,43222,Petrol,Mitsubishi.png,4,Mitsubishi_logo.png
579,Pajero Sport,Mitsubishi,2015,1490000,42590,Diesel,Mitsubishi.png,4,Mitsubishi_logo.png
580,Pajero Sport,Mitsubishi,2015,1725000,37000,Diesel,Mitsubishi.png,4,Mitsubishi_logo.png
581,Micra XL,Nissan,2017,430000,62500,Diesel,Nissan.png,6,Nissan_logo.png
582,Micra XV,Nissan,2011,179000,41000,Petrol,Nissan.png,6,Nissan_logo.png
583,Sunny,Nissan,2012,224999,45000,Petrol,Nissan.png,6,Nissan_logo.png
584,Sunny XL,Nissan,2011,230000,52000,Petrol,Nissan.png,6,Nissan_logo.png
585,Terrano XL,Nissan,2015,499999,60000,Diesel,Nissan.png,6,Nissan_logo.png
586,X Trail,Nissan,2019,1200000,300,Diesel,Nissan.png,6,Nissan_logo.png
587,Duster,Renault,2014,449999,50000,Diesel,Renault.png,6,Renault_logo.png
588,Duster,Renault,2013,399999,41000,Diesel,Renault.png,6,Renault_logo.png
589,Duster,Renault,2014,474999,50000,Diesel,Renault.png,6,Renault_logo.png
590,Duster,Renault,2015,449999,49000,Diesel,Renault.png,6,Renault_logo.png
591,Duster,Renault,2014,800000,7400,Diesel,Renault.png,6,Renault_logo.png
592,Duster 110,Renault,2012,501000,38000,Diesel,Renault.png,6,Renault_logo.png
593,Duster 111,Renault,2012,501000,38000,Diesel,Renault.png,6,Renault_logo.png
594,Duster 112,Renault,2013,435000,39000,Diesel,Renault.png,6,Renault_logo.png
595,Duster 113,Renault,2013,490000,38600,Diesel,Renault.png,6,Renault_logo.png
596,Duster 110PS,Renault,2012,501000,35000,Diesel,Renault.png,6,Renault_logo.png
597,Duster 85,Renault,2013,489999,27000,Diesel,Renault.png,6,Renault_logo.png
598,Duster 86,Renault,2013,489999,27000,Diesel,Renault.png,6,Renault_logo.png
599,Duster 87,Renault,2014,489999,59000,Diesel,Renault.png,6,Renault_logo.png
600,Duster 88,Renault,2015,549999,19000,Diesel,Renault.png,6,Renault_logo.png
601,Duster 89,Renault,2015,715000,65000,Diesel,Renault.png,6,Renault_logo.png
602,Duster 90,Renault,2015,385000,51000,Diesel,Renault.png,6,Renault_logo.png
603,Duster 85PS,Renault,2013,401919,57923,Diesel,Renault.png,6,Renault_logo.png
604,Duster RxL,Renault,2015,550000,36000,Petrol,Renault.png,6,Renault_logo.png
605,Kwid,Renault,2016,244999,11000,Petrol,Renault.png,6,Renault_logo.png
606,Kwid 1.0,Renault,2018,349999,10000,Petrol,Renault.png,6,Renault_logo.png
607,Kwid 1.0,Renault,2018,290000,2137,Petrol,Renault.png,6,Renault_logo.png
608,Kwid RXT,Renault,2017,340000,5000,Petrol,Renault.png,6,Renault_logo.png
609,Kwid RXT,Renault,2018,325000,15000,Petrol,Renault.png,6,Renault_logo.png
610,Kwid RXT,Renault,2015,270000,43000,Petrol,Renault.png,6,Renault_logo.png
611,Kwid RXT,Renault,2019,370000,1000,Petrol,Renault.png,6,Renault_logo.png
612,Lodgy 85,Renault,2018,689999,20000,Diesel,Renault.png,6,Renault_logo.png
613,Scala RxL,Renault,2015,375000,25000,Diesel,Renault.png,6,Renault_logo.png
614,Scala RxL,Renault,2014,349999,49000,Diesel,Renault.png,6,Renault_logo.png
615,Fabia,Skoda,2009,110000,45000,Petrol,Skoda.png,6,Skoda_logo.png
616,Fabia 1.2L,Skoda,2011,159500,38200,Diesel,Skoda.png,6,Skoda_logo.png
617,Fabia 1.2L,Skoda,2011,155000,45863,Diesel,Skoda.png,6,Skoda_logo.png
618,Fabia Classic,Skoda,2010,182000,60000,Petrol,Skoda.png,6,Skoda_logo.png
619,Laura,Skoda,2012,349999,44000,Diesel,Skoda.png,6,Skoda_logo.png
620,Laura,Skoda,2013,374999,50000,Diesel,Skoda.png,6,Skoda_logo.png
621,Octavia Classic,Skoda,2006,114990,65000,Diesel,Skoda.png,6,Skoda_logo.png
622,Rapid Elegance,Skoda,2013,340000,48000,Diesel,Skoda.png,6,Skoda_logo.png
623,Superb 1.8,Skoda,2011,530000,68000,Petrol,Skoda.png,6,Skoda_logo.png
624,Yeti Ambition,Skoda,2012,448000,68000,Diesel,Skoda.png,6,Skoda_logo.png
625,Aria Pleasure,Tata,2014,390000,35000,Diesel,Tata.png,4,Tata_logo.png
626,Bolt XM,Tata,2015,600000,15000,Petrol,Tata.png,4,Tata_logo.png
627,Indica,Tata,2005,80000,42000,Petrol,Tata.png,4,Tata_logo.png
628,Indica eV2,Tata,2015,140000,60105,Diesel,Tata.png,4,Tata_logo.png
629,Indica eV2,Tata,2012,85000,55000,Diesel,Tata.png,4,Tata_logo.png
630,Indica eV2,Tata,2016,50500,91200,Diesel,Tata.png,4,Tata_logo.png
631,Indica V2,Tata,2006,90000,20000,Petrol,Tata.png,4,Tata_logo.png
632,Indica V3,Tata,2008,150000,11000,Petrol,Tata.png,4,Tata_logo.png
633,Indica V4,Tata,2005,35000,150000,Diesel,Tata.png,4,Tata_logo.png
634,Indica V5,Tata,2009,90000,30600,Diesel,Tata.png,4,Tata_logo.png
635,Indica V6,Tata,2012,115000,64000,Diesel,Tata.png,4,Tata_logo.png
636,Indica V7,Tata,2005,60000,80000,Diesel,Tata.png,4,Tata_logo.png
637,Indica V8,Tata,2005,39999,80000,Diesel,Tata.png,4,Tata_logo.png
638,Indica V9,Tata,2009,110000,30000,Diesel,Tata.png,4,Tata_logo.png
639,Indigo CS,Tata,2011,85000,11400,Diesel,Tata.png,4,Tata_logo.png
640,Indigo CS,Tata,2009,72500,46000,Diesel,Tata.png,4,Tata_logo.png
641,Indigo CS,Tata,2015,123000,100000,Diesel,Tata.png,4,Tata_logo.png
642,Indigo CS,Tata,2016,150000,104000,Diesel,Tata.png,4,Tata_logo.png
643,Indigo CS,Tata,2017,270000,50000,Diesel,Tata.png,4,Tata_logo.png
644,Indigo CS,Tata,2016,110000,85000,Diesel,Tata.png,4,Tata_logo.png
645,Indigo eCS,Tata,2017,200000,130000,Diesel,Tata.png,4,Tata_logo.png
646,Indigo eCS,Tata,2016,320000,175430,Diesel,Tata.png,4,Tata_logo.png
647,Indigo eCS,Tata,2016,320000,175400,Diesel,Tata.png,4,Tata_logo.png
648,Indigo eCS,Tata,2014,250000,40000,Diesel,Tata.png,4,Tata_logo.png
649,Indigo eCS,Tata,2014,95000,195000,Diesel,Tata.png,4,Tata_logo.png
650,Indigo eCS,Tata,2016,230000,104000,Diesel,Tata.png,4,Tata_logo.png
651,Indigo eCS,Tata,2016,130000,150000,Diesel,Tata.png,4,Tata_logo.png
652,Indigo eCS,Tata,2016,160000,104000,Diesel,Tata.png,4,Tata_logo.png
653,Indigo LS,Tata,2016,125000,70000,Diesel,Tata.png,4,Tata_logo.png
654,Indigo LX,Tata,2016,130000,104000,Diesel,Tata.png,4,Tata_logo.png
655,Indigo LX,Tata,2016,230000,104000,Diesel,Tata.png,4,Tata_logo.png
656,Indigo Marina,Tata,2004,180000,70000,Diesel,Tata.png,4,Tata_logo.png
657,Manza,Tata,2015,100000,100000,Diesel,Tata.png,4,Tata_logo.png
658,Manza Aqua,Tata,2014,160000,200000,Diesel,Tata.png,4,Tata_logo.png
659,Manza Aura,Tata,2012,130000,72000,Diesel,Tata.png,4,Tata_logo.png
660,Manza ELAN,Tata,2010,155555,111111,Petrol,Tata.png,4,Tata_logo.png
661,Nano,Tata,2013,60000,6800,Petrol,Tata.png,4,Tata_logo.png
662,Nano,Tata,2013,60000,7000,Petrol,Tata.png,4,Tata_logo.png
663,Nano Cx,Tata,2013,40000,2200,Petrol,Tata.png,4,Tata_logo.png
664,Nano GenX,Tata,2010,32000,44005,Petrol,Tata.png,4,Tata_logo.png
665,Nano Lx,Tata,2010,52000,9000,Petrol,Tata.png,4,Tata_logo.png
666,Nano LX,Tata,2010,32000,48008,Petrol,Tata.png,4,Tata_logo.png
667,Sumo Gold,Tata,2013,300000,50000,Diesel,Tata.png,4,Tata_logo.png
668,Sumo Gold,Tata,2014,250000,99000,Diesel,Tata.png,4,Tata_logo.png
669,Sumo Gold,Tata,2012,210000,75000,Diesel,Tata.png,4,Tata_logo.png
670,Sumo Gold,Tata,2014,275000,116000,Diesel,Tata.png,4,Tata_logo.png
671,Sumo Gold,Tata,2013,215000,100000,Petrol,Tata.png,4,Tata_logo.png
672,Sumo Grande,Tata,2010,130000,90000,Diesel,Tata.png,4,Tata_logo.png
673,Sumo Victa,Tata,2012,285000,65000,Diesel,Tata.png,4,Tata_logo.png
674,Tiago Revotorq,Tata,2019,568500,65000,Petrol,Tata.png,4,Tata_logo.png
675,Tiago Revotron,Tata,2018,430000,3500,Petrol,Tata.png,4,Tata_logo.png
676,Tiago Revotron,Tata,2017,400000,31000,Petrol,Tata.png,4,Tata_logo.png
677,Tigor Revotron,Tata,2019,650000,100,Diesel,Tata.png,4,Tata_logo.png
678,Venture EX,Tata,2013,100000,30000,Diesel,Tata.png,4,Tata_logo.png
679,Vista Quadrajet,Tata,2011,120000,90000,Diesel,Tata.png,4,Tata_logo.png
680,Zest Quadrajet,Tata,2017,180000,90000,Diesel,Tata.png,4,Tata_logo.png
681,Zest XE,Tata,2018,480000,103553,Diesel,Tata.png,4,Tata_logo.png
682,Zest XE,Tata,2017,380000,70000,Diesel,Tata.png,4,Tata_logo.png
683,Zest XE,Tata,2018,450000,102563,Diesel,Tata.png,4,Tata_logo.png
684,Zest XE,Tata,2017,290000,120000,Diesel,Tata.png,4,Tata_logo.png
685,Zest XM,Tata,2018,260000,27000,Diesel,Tata.png,4,Tata_logo.png
686,Corolla,Toyota,2006,160000,40000,Petrol,Toyota.png,5,Toyota_logo.png
687,Corolla Altis,Toyota,2010,351000,38000,Diesel,Toyota.png,5,Toyota_logo.png
688,Corolla Altis,Toyota,2009,240000,35000,Petrol,Toyota.png,5,Toyota_logo.png
689,Corolla Altis,Toyota,2010,289999,70000,Petrol,Toyota.png,5,Toyota_logo.png
690,Corolla Altis,Toyota,2012,349999,59000,Petrol,Toyota.png,5,Toyota_logo.png
691,Corolla Altis,Toyota,2015,575000,42000,Petrol,Toyota.png,5,Toyota_logo.png
692,Corolla Altis,Toyota,2009,199999,65000,Petrol,Toyota.png,5,Toyota_logo.png
693,Corolla Altis,Toyota,2010,220000,58000,Petrol,Toyota.png,5,Toyota_logo.png
694,Corolla Altis,Toyota,2010,185000,55000,Petrol,Toyota.png,5,Toyota_logo.png
695,Corolla Altis,Toyota,2014,790000,29000,Petrol,Toyota.png,5,Toyota_logo.png
696,Corolla Altis,Toyota,2009,300000,132000,Petrol,Toyota.png,5,Toyota_logo.png
697,Corolla H2,Toyota,2003,150000,100000,Petrol,Toyota.png,5,Toyota_logo.png
698,Etios,Toyota,2011,275000,36000,Diesel,Toyota.png,5,Toyota_logo.png
699,Etios G,Toyota,2013,265000,42000,Petrol,Toyota.png,5,Toyota_logo.png
700,Etios GD,Toyota,2013,350000,60000,Diesel,Toyota.png,5,Toyota_logo.png
701,Etios GD,Toyota,2013,275000,24800,Petrol,Toyota.png,5,Toyota_logo.png
702,Etios Liva,Toyota,2014,270000,55000,Petrol,Toyota.png,5,Toyota_logo.png
703,Etios Liva,Toyota,2011,239999,41000,Petrol,Toyota.png,5,Toyota_logo.png
704,Etios Liva,Toyota,2012,380000,20000,Diesel,Toyota.png,5,Toyota_logo.png
705,Etios Liva,Toyota,2014,160000,24652,Petrol,Toyota.png,5,Toyota_logo.png
706,Etios Liva,Toyota,2012,350000,85000,Diesel,Toyota.png,5,Toyota_logo.png
707,Fortuner,Toyota,2011,1074999,52000,Diesel,Toyota.png,5,Toyota_logo.png
708,Fortuner 3.0,Toyota,2010,940000,131000,Diesel,Toyota.png,5,Toyota_logo.png
709,Fortuner 3.0,Toyota,2015,1525000,120000,Diesel,Toyota.png,5,Toyota_logo.png
710,Fortuner 3.0,Toyota,2013,1499000,97000,Diesel,Toyota.png,5,Toyota_logo.png
711,Innova 2.0,Toyota,2012,650000,82000,Diesel,Toyota.png,5,Toyota_logo.png
712,Innova 2.0,Toyota,2012,600000,80000,Diesel,Toyota.png,5,Toyota_logo.png
713,Innova 2.5,Toyota,2012,849999,99000,Diesel,Toyota.png,5,Toyota_logo.png
714,Innova 2.5,Toyota,2006,365000,73000,Diesel,Toyota.png,5,Toyota_logo.png
715,Innova 2.5,Toyota,2012,770000,0,Diesel,Toyota.png,5,Toyota_logo.png
716,Innova 2.5,Toyota,2011,750000,147000,Diesel,Toyota.png,5,Toyota_logo.png
717,Innova 2.5,Toyota,2012,750000,75000,Diesel,Toyota.png,5,Toyota_logo.png
718,Innova 2.5,Toyota,2011,750000,75000,Diesel,Toyota.png,5,Toyota_logo.png
719,Land Rover Freelander,Toyota,2015,2100000,30000,Diesel,Toyota.png,7,Toyota_logo.png
720,Qualis,Toyota,2003,180000,100000,Diesel,Toyota.png,5,Toyota_logo.png
721,Jetta Comfortline,Volkswagen,2009,450000,54500,Diesel,Volkswagen.png,5,Volkswagen_logo.png
722,Jetta Highline,Volkswagen,2014,749999,46000,Diesel,Volkswagen.png,5,Volkswagen_logo.png
723,Passat Diesel,Volkswagen,2009,450000,97000,Diesel,Volkswagen.png,5,Volkswagen_logo.png
724,Polo,Volkswagen,2014,274999,32000,Petrol,Volkswagen.png,5,Volkswagen_logo.png
725,Polo,Volkswagen,2015,330000,38000,Diesel,Volkswagen.png,5,Volkswagen_logo.png
726,Polo,Volkswagen,2010,199999,60000,Diesel,Volkswagen.png,5,Volkswagen_logo.png
727,Polo,Volkswagen,2013,299999,48000,Diesel,Volkswagen.png,5,Volkswagen_logo.png
728,Polo Comfortline,Volkswagen,2015,399999,2800,Petrol,Volkswagen.png,5,Volkswagen_logo.png
729,Polo Highline,Volkswagen,2014,315000,60000,Petrol,Volkswagen.png,5,Volkswagen_logo.png
730,Polo Highline1.2L,Volkswagen,2013,380000,27000,Petrol,Volkswagen.png,5,Volkswagen_logo.png
731,Polo Highline1.2L,Volkswagen,2017,525000,45000,Petrol,Volkswagen.png,5,Volkswagen_logo.png
732,Polo Trendline,Volkswagen,2015,350000,25000,Diesel,Volkswagen.png,5,Volkswagen_logo.png
733,Vento Comfortline,Volkswagen,2011,240000,45933,Petrol,Volkswagen.png,5,Volkswagen_logo.png
734,Vento Comfortline,Volkswagen,2011,200000,95000,Diesel,Volkswagen.png,5,Volkswagen_logo.png
735,Vento Highline,Volkswagen,2019,1200000,3600,Diesel,Volkswagen.png,5,Volkswagen_logo.png
736,Vento Highline,Volkswagen,2015,550000,34000,Diesel,Volkswagen.png,5,Volkswagen_logo.png
737,Vento Konekt,Volkswagen,2011,245000,65000,Diesel,Volkswagen.png,5,Volkswagen_logo.png
738,S80 Summum,Volvo,2015,1850000,42000,Diesel,Volvo.png,7,Volvo_logo.png
